fpr,tpr,_
0.0,0.0,1.9951456
0.0,0.0004,0.9951456
0.0,0.0028,0.9921938
0.00013333333333333334,0.0028,0.9921604
0.00013333333333333334,0.0076,0.9896376
0.0002666666666666667,0.0076,0.9891149
0.0002666666666666667,0.0088,0.9881224
0.0004,0.0088,0.98776
0.0004,0.042,0.9769085
0.0006666666666666666,0.042,0.97683924
0.0006666666666666666,0.0452,0.97591954
0.0008,0.0452,0.97577363
0.0008,0.0536,0.973777
0.0010666666666666667,0.0536,0.97361416
0.0010666666666666667,0.054,0.9734433
0.0013333333333333333,0.054,0.97324026
0.0013333333333333333,0.058,0.9717577
0.0014666666666666667,0.058,0.97174174
0.0014666666666666667,0.0588,0.9715664
0.0016,0.0588,0.97149974
0.0016,0.0616,0.97108847
0.0017333333333333333,0.0616,0.9708585
0.0017333333333333333,0.0692,0.96902096
0.0018666666666666666,0.0692,0.96883786
0.0018666666666666666,0.076,0.9678084
0.002,0.076,0.96769756
0.002,0.0796,0.96539557
0.0021333333333333334,0.0796,0.96532637
0.0021333333333333334,0.0824,0.9645585
0.002266666666666667,0.0824,0.9644703
0.002266666666666667,0.084,0.96419907
0.002533333333333333,0.084,0.9641136
0.002533333333333333,0.0904,0.9626553
0.0026666666666666666,0.0904,0.9626117
0.0026666666666666666,0.0916,0.9623922
0.0028,0.0916,0.96222717
0.0028,0.0932,0.96172535
0.0029333333333333334,0.0932,0.96145386
0.0029333333333333334,0.0952,0.96090746
0.0030666666666666668,0.0952,0.9608601
0.0030666666666666668,0.096,0.9606896
0.0032,0.096,0.96062005
0.0032,0.0976,0.9600089
0.0033333333333333335,0.0976,0.95996475
0.0033333333333333335,0.1048,0.9585444
0.0034666666666666665,0.1048,0.958524
0.0034666666666666665,0.1072,0.95755816
0.0036,0.1072,0.9574371
0.0036,0.1136,0.9561696
0.0037333333333333333,0.1136,0.9561237
0.0037333333333333333,0.114,0.95600116
0.0038666666666666667,0.114,0.9558444
0.0038666666666666667,0.1156,0.95520324
0.004,0.1156,0.9551671
0.004,0.1184,0.95414823
0.0041333333333333335,0.1184,0.95412165
0.0041333333333333335,0.1284,0.95177984
0.004266666666666667,0.1284,0.951703
0.004266666666666667,0.1324,0.95099866
0.0044,0.1324,0.9509815
0.0044,0.1356,0.9503823
0.004533333333333334,0.1356,0.95020777
0.004533333333333334,0.1388,0.9490813
0.004666666666666667,0.1388,0.94903654
0.004666666666666667,0.1444,0.94796246
0.0048,0.1444,0.9479482
0.0048,0.1476,0.94716215
0.004933333333333333,0.1476,0.9471321
0.004933333333333333,0.1488,0.9467942
0.005066666666666666,0.1488,0.94673395
0.005333333333333333,0.1488,0.9466946
0.005333333333333333,0.1496,0.9466148
0.0054666666666666665,0.1496,0.94656473
0.0054666666666666665,0.174,0.93944293
0.0056,0.174,0.93928176
0.0056,0.1752,0.9388582
0.005866666666666667,0.1752,0.93881744
0.005866666666666667,0.1764,0.9386567
0.006,0.1764,0.9385982
0.006266666666666667,0.1764,0.938352
0.006266666666666667,0.1784,0.93765336
0.0064,0.1784,0.9376119
0.0064,0.1812,0.9371406
0.006533333333333334,0.1812,0.9370824
0.006533333333333334,0.182,0.9367708
0.006666666666666667,0.182,0.9366486
0.006666666666666667,0.1864,0.9360229
0.0068,0.1864,0.93600124
0.0068,0.194,0.93464404
0.006933333333333333,0.194,0.9346258
0.006933333333333333,0.1944,0.9345282
0.007066666666666666,0.1944,0.93446404
0.007066666666666666,0.1948,0.93422496
0.0072,0.1948,0.9341299
0.0072,0.1956,0.93400896
0.007466666666666667,0.1956,0.9339633
0.0076,0.1956,0.9339263
0.0076,0.1976,0.93343234
0.007866666666666666,0.1976,0.9333942
0.007866666666666666,0.1992,0.9328734
0.008,0.1992,0.93280363
0.008,0.2,0.93268955
0.008133333333333333,0.2,0.9325978
0.008133333333333333,0.2004,0.93248945
0.008266666666666667,0.2004,0.9324653
0.008266666666666667,0.208,0.93014616
0.0084,0.208,0.93010443
0.0084,0.2092,0.9296135
0.008533333333333334,0.2092,0.9294754
0.008533333333333334,0.21,0.9293069
0.008666666666666666,0.21,0.92926466
0.008666666666666666,0.2108,0.9291131
0.008933333333333333,0.2108,0.92907417
0.008933333333333333,0.212,0.9289646
0.009066666666666667,0.212,0.92886907
0.009066666666666667,0.2128,0.92879677
0.0092,0.2128,0.9287949
0.0092,0.224,0.9250497
0.009333333333333334,0.224,0.9249092
0.009333333333333334,0.2252,0.92467386
0.009466666666666667,0.2252,0.924542
0.009466666666666667,0.2264,0.92386764
0.009733333333333333,0.2264,0.9235309
0.009733333333333333,0.2272,0.9233469
0.009866666666666666,0.2272,0.9231351
0.009866666666666666,0.228,0.9225532
0.01,0.228,0.92222244
0.01,0.2296,0.92218196
0.010133333333333333,0.2296,0.9221099
0.010133333333333333,0.2328,0.9214602
0.010266666666666667,0.2328,0.92144036
0.010266666666666667,0.234,0.92066056
0.0104,0.234,0.9205473
0.0104,0.236,0.92030555
0.010533333333333334,0.236,0.91982985
0.010533333333333334,0.2368,0.9198086
0.010666666666666666,0.2368,0.9197792
0.010666666666666666,0.2384,0.91953796
0.0108,0.2384,0.9194199
0.0108,0.2388,0.9193987
0.010933333333333333,0.2388,0.91918176
0.010933333333333333,0.2428,0.91868556
0.0112,0.2428,0.9186529
0.0112,0.2496,0.9167637
0.011466666666666667,0.2496,0.9166394
0.011466666666666667,0.254,0.91567713
0.0116,0.254,0.91566414
0.0116,0.2572,0.9149292
0.011866666666666666,0.2572,0.91466135
0.011866666666666666,0.262,0.91318095
0.012,0.262,0.91315925
0.012,0.2644,0.9128193
0.012133333333333333,0.2644,0.91267306
0.012133333333333333,0.2784,0.90945005
0.012266666666666667,0.2784,0.9094439
0.012266666666666667,0.2792,0.90937847
0.012533333333333334,0.2792,0.9092055
0.012533333333333334,0.28,0.9089742
0.012666666666666666,0.28,0.90890294
0.012666666666666666,0.298,0.9039047
0.0128,0.298,0.90384567
0.0128,0.3084,0.90057415
0.012933333333333333,0.3084,0.90049
0.012933333333333333,0.3092,0.9004341
0.013066666666666667,0.3092,0.900416
0.013066666666666667,0.3096,0.90036744
0.0132,0.3096,0.9003555
0.0132,0.3104,0.900052
0.013333333333333334,0.3104,0.90004003
0.013333333333333334,0.3128,0.8997379
0.013466666666666667,0.3128,0.8996746
0.013466666666666667,0.3136,0.89958686
0.0136,0.3136,0.89951193
0.0136,0.3188,0.89783096
0.013733333333333334,0.3188,0.8977595
0.013733333333333334,0.32,0.8974654
0.013866666666666666,0.32,0.8973326
0.013866666666666666,0.322,0.8967568
0.014,0.322,0.89674306
0.014,0.3232,0.89642775
0.014133333333333333,0.3232,0.89636976
0.014133333333333333,0.3236,0.8962116
0.014266666666666667,0.3236,0.89613867
0.014266666666666667,0.3248,0.8959595
0.014533333333333334,0.3248,0.89560115
0.014533333333333334,0.326,0.89541674
0.014666666666666666,0.326,0.8953731
0.014666666666666666,0.3288,0.89387363
0.0148,0.3288,0.8937604
0.0148,0.3296,0.8936097
0.014933333333333333,0.3296,0.89353544
0.014933333333333333,0.3316,0.8931548
0.015066666666666667,0.3316,0.8926247
0.015066666666666667,0.3332,0.89213157
0.0152,0.3332,0.8919728
0.0152,0.3336,0.8918734
0.015333333333333332,0.3336,0.89184123
0.015333333333333332,0.334,0.8916516
0.015466666666666667,0.334,0.8912925
0.015466666666666667,0.3352,0.8909219
0.0156,0.3352,0.8908361
0.0156,0.3356,0.89077204
0.015733333333333332,0.3356,0.89070207
0.015733333333333332,0.338,0.8900412
0.016,0.338,0.889948
0.016,0.3392,0.8895845
0.016133333333333333,0.3392,0.8895008
0.016133333333333333,0.344,0.8886167
0.016266666666666665,0.344,0.88856035
0.016266666666666665,0.3444,0.8885523
0.016533333333333334,0.3444,0.88835645
0.016533333333333334,0.3464,0.8873319
0.016666666666666666,0.3464,0.8872706
0.016666666666666666,0.35,0.88548726
0.0168,0.35,0.8853654
0.0168,0.3508,0.88519174
0.017066666666666667,0.3508,0.8848065
0.017066666666666667,0.3516,0.8846603
0.0172,0.3516,0.88458145
0.0172,0.3524,0.88391984
0.017333333333333333,0.3524,0.88383204
0.017333333333333333,0.3532,0.8836851
0.0176,0.3532,0.8832797
0.0176,0.3592,0.881639
0.017866666666666666,0.3592,0.8815379
0.017866666666666666,0.36,0.8815103
0.018,0.36,0.8813323
0.018,0.3648,0.8797553
0.018133333333333335,0.3648,0.879694
0.018133333333333335,0.366,0.87921315
0.0184,0.366,0.8789698
0.0184,0.3712,0.8774097
0.018533333333333332,0.3712,0.8774059
0.018533333333333332,0.3752,0.87595695
0.018666666666666668,0.3752,0.8758936
0.018666666666666668,0.3764,0.87537295
0.0188,0.3764,0.87535435
0.0188,0.3784,0.87481546
0.018933333333333333,0.3784,0.87464076
0.018933333333333333,0.3808,0.8737942
0.019066666666666666,0.3808,0.87358546
0.019066666666666666,0.3812,0.87339336
0.0192,0.3812,0.8733172
0.0192,0.382,0.87311137
0.019333333333333334,0.382,0.8728957
0.019333333333333334,0.3832,0.87273043
0.019466666666666667,0.3832,0.8725956
0.019466666666666667,0.384,0.87230825
0.0196,0.384,0.8719858
0.0196,0.3904,0.8702381
0.019733333333333332,0.3904,0.8700212
0.019733333333333332,0.3952,0.868567
0.02,0.3952,0.8684032
0.02,0.3956,0.8684003
0.020133333333333333,0.3956,0.86836964
0.020133333333333333,0.3988,0.86693674
0.020266666666666665,0.3988,0.8669245
0.020266666666666665,0.4008,0.8658772
0.0204,0.4008,0.86560106
0.0204,0.4016,0.8654307
0.020533333333333334,0.4016,0.86537135
0.020533333333333334,0.4032,0.86523134
0.0208,0.4032,0.8651856
0.0208,0.408,0.8635519
0.021066666666666668,0.408,0.8630464
0.021066666666666668,0.4244,0.8581817
0.0212,0.4244,0.85815454
0.0212,0.4276,0.85773367
0.021333333333333333,0.4276,0.8574443
0.021333333333333333,0.4324,0.8555591
0.021466666666666665,0.4324,0.8554958
0.021466666666666665,0.4364,0.8547999
0.0216,0.4364,0.8545175
0.0216,0.4376,0.8537211
0.021866666666666666,0.4376,0.85343534
0.021866666666666666,0.438,0.8533499
0.022,0.438,0.8532324
0.022,0.4384,0.8529766
0.022133333333333335,0.4384,0.8529088
0.022133333333333335,0.4404,0.8525029
0.022533333333333332,0.4404,0.8521168
0.022533333333333332,0.4472,0.849265
0.02266666666666667,0.4472,0.8492016
0.02266666666666667,0.448,0.84887326
0.0228,0.448,0.8488111
0.0228,0.4496,0.84803945
0.022933333333333333,0.4496,0.84770715
0.022933333333333333,0.4504,0.8474372
0.023333333333333334,0.4504,0.8471312
0.023333333333333334,0.4524,0.84624845
0.023466666666666667,0.4524,0.84623146
0.023466666666666667,0.4528,0.8461884
0.0236,0.4528,0.8461317
0.0236,0.4532,0.84607375
0.023733333333333332,0.4532,0.84605354
0.023733333333333332,0.4552,0.84559035
0.023866666666666668,0.4552,0.8455883
0.023866666666666668,0.4576,0.84484476
0.024133333333333333,0.4576,0.8447413
0.024133333333333333,0.4624,0.84360725
0.0244,0.4624,0.8434664
0.0244,0.4628,0.84335554
0.024533333333333334,0.4628,0.84330297
0.024533333333333334,0.466,0.842537
0.024666666666666667,0.466,0.8425086
0.024666666666666667,0.4672,0.84192675
0.0248,0.4672,0.8419233
0.0248,0.4692,0.8413283
0.02493333333333333,0.4692,0.8411654
0.02493333333333333,0.4712,0.8406016
0.025066666666666668,0.4712,0.84017354
0.025066666666666668,0.4716,0.8399089
0.0252,0.4716,0.8398505
0.0252,0.4736,0.839405
0.025333333333333333,0.4736,0.839219
0.025333333333333333,0.474,0.83906966
0.0256,0.474,0.83884907
0.0256,0.4756,0.83859175
0.025733333333333334,0.4756,0.838383
0.025733333333333334,0.476,0.83825064
0.025866666666666666,0.476,0.83807755
0.025866666666666666,0.4776,0.83745766
0.026,0.4776,0.8373533
0.026,0.4784,0.83718055
0.026133333333333335,0.4784,0.83711565
0.026133333333333335,0.48,0.8360118
0.026266666666666667,0.48,0.835805
0.026266666666666667,0.4828,0.8348369
0.0264,0.4828,0.8347985
0.0264,0.4844,0.83417284
0.026533333333333332,0.4844,0.83416104
0.026533333333333332,0.4888,0.8320317
0.0268,0.4888,0.83169276
0.0268,0.4904,0.8313962
0.026933333333333333,0.4904,0.8309842
0.026933333333333333,0.4924,0.8296514
0.027066666666666666,0.4924,0.82949185
0.027066666666666666,0.4928,0.8292898
0.0272,0.4928,0.82911456
0.0272,0.4956,0.82797027
0.027333333333333334,0.4956,0.8278698
0.027333333333333334,0.5004,0.82619846
0.027466666666666667,0.5004,0.82605886
0.027466666666666667,0.5012,0.82560605
0.0276,0.5012,0.82553434
0.0276,0.5024,0.8253058
0.027866666666666668,0.5024,0.8246492
0.027866666666666668,0.5064,0.8227057
0.028,0.5064,0.8225551
0.028,0.5084,0.8210718
0.028133333333333333,0.5084,0.82098114
0.028133333333333333,0.5124,0.8186802
0.028266666666666666,0.5124,0.8181323
0.028266666666666666,0.5152,0.8172931
0.0284,0.5152,0.8172228
0.0284,0.518,0.81594175
0.028666666666666667,0.518,0.81584316
0.028666666666666667,0.52,0.8152705
0.0288,0.52,0.8149234
0.0288,0.5212,0.81472546
0.028933333333333332,0.5212,0.81459695
0.028933333333333332,0.5228,0.813194
0.0292,0.5228,0.81291264
0.0292,0.5236,0.8126601
0.029333333333333333,0.5236,0.81210715
0.029333333333333333,0.5328,0.80626297
0.029466666666666665,0.5328,0.8060586
0.029466666666666665,0.5336,0.8060141
0.0296,0.5336,0.8059378
0.0296,0.5348,0.80575585
0.029733333333333334,0.5348,0.8055707
0.029733333333333334,0.5352,0.8052807
0.03,0.5352,0.8052252
0.03,0.538,0.8030016
0.030133333333333335,0.538,0.8029417
0.030133333333333335,0.5404,0.802074
0.030266666666666667,0.5404,0.8019921
0.030266666666666667,0.5456,0.8006482
0.0304,0.5456,0.8006403
0.0304,0.55,0.7993532
0.030666666666666665,0.55,0.7989667
0.030666666666666665,0.552,0.79708064
0.0308,0.552,0.7970623
0.0308,0.5532,0.79609746
0.030933333333333334,0.5532,0.795993
0.030933333333333334,0.5552,0.7950603
0.031066666666666666,0.5552,0.79485387
0.031066666666666666,0.5556,0.79449356
0.03133333333333333,0.5556,0.7941632
0.03133333333333333,0.5568,0.79252857
0.0316,0.5568,0.7920523
0.0316,0.5572,0.791961
0.031733333333333336,0.5572,0.7918659
0.031733333333333336,0.5588,0.7910669
0.032,0.5588,0.79105264
0.032,0.5624,0.7898567
0.03213333333333333,0.5624,0.7897765
0.03213333333333333,0.5628,0.789748
0.032266666666666666,0.5628,0.789731
0.03253333333333333,0.5628,0.7894179
0.03266666666666666,0.5628,0.78929925
0.03266666666666666,0.5632,0.7892415
0.0328,0.5632,0.7885545
0.0328,0.5656,0.7875103
0.032933333333333335,0.5656,0.7869544
0.032933333333333335,0.5676,0.7862277
0.03306666666666667,0.5676,0.78615034
0.03306666666666667,0.5704,0.7849042
0.0332,0.5704,0.7845217
0.0332,0.5708,0.7845145
0.03333333333333333,0.5708,0.78444993
0.03333333333333333,0.5716,0.7841798
0.033466666666666665,0.5716,0.7841505
0.033466666666666665,0.5728,0.78385794
0.0336,0.5728,0.7838552
0.0336,0.5736,0.783639
0.03386666666666667,0.5736,0.7835697
0.03386666666666667,0.5776,0.78101814
0.034,0.5776,0.780785
0.034,0.5796,0.77998835
0.034133333333333335,0.5796,0.7797165
0.034133333333333335,0.58,0.77962714
0.0344,0.58,0.7789677
0.0344,0.5824,0.7781168
0.03453333333333333,0.5824,0.77801543
0.03453333333333333,0.5848,0.77765113
0.0348,0.5848,0.77731115
0.0348,0.5888,0.7761816
0.03493333333333333,0.5888,0.7761591
0.03493333333333333,0.5892,0.7761108
0.03506666666666667,0.5892,0.77610207
0.03506666666666667,0.59,0.7753964
0.0352,0.59,0.77529126
0.0352,0.5908,0.7751782
0.035333333333333335,0.5908,0.7750846
0.0356,0.5908,0.7749648
0.0356,0.6,0.77009076
0.03573333333333333,0.6,0.7697201
0.03573333333333333,0.6008,0.769335
0.035866666666666665,0.6008,0.7692869
0.035866666666666665,0.602,0.7688891
0.036,0.602,0.76874924
0.036,0.6036,0.768149
0.03626666666666667,0.6036,0.76780325
0.03626666666666667,0.6048,0.76722187
0.0364,0.6048,0.7670336
0.0364,0.6052,0.7662745
0.03666666666666667,0.6052,0.7660844
0.03666666666666667,0.6064,0.76557016
0.0368,0.6064,0.76553726
0.0368,0.6076,0.7649576
0.037333333333333336,0.6076,0.7640115
0.037333333333333336,0.608,0.76329905
0.037733333333333334,0.608,0.7626975
0.037733333333333334,0.6088,0.7623469
0.037866666666666667,0.6088,0.7622351
0.037866666666666667,0.6128,0.75967836
0.038,0.6128,0.75943583
0.038,0.6156,0.75769675
0.03813333333333333,0.6156,0.7576604
0.03813333333333333,0.6184,0.7565086
0.038266666666666664,0.6184,0.7562263
0.038266666666666664,0.6196,0.7558298
0.038533333333333336,0.6196,0.7553512
0.038533333333333336,0.62,0.75466275
0.038933333333333334,0.62,0.75406253
0.038933333333333334,0.6216,0.7527963
0.039066666666666666,0.6216,0.7527732
0.039066666666666666,0.622,0.75234985
0.0392,0.622,0.7523109
0.0392,0.6256,0.75082356
0.039466666666666664,0.6256,0.75004
0.039466666666666664,0.6304,0.74803793
0.0396,0.6304,0.7479775
0.0396,0.6332,0.74736875
0.039733333333333336,0.6332,0.747277
0.039733333333333336,0.634,0.7468098
0.04,0.634,0.7463898
0.04,0.6344,0.74617606
0.040266666666666666,0.6344,0.74567646
0.040266666666666666,0.6348,0.7454375
0.04053333333333333,0.6348,0.745356
0.04053333333333333,0.6352,0.74479485
0.04066666666666666,0.6352,0.7443517
0.04066666666666666,0.6368,0.74253863
0.04106666666666667,0.6368,0.74158454
0.04106666666666667,0.6372,0.74152064
0.04133333333333333,0.6372,0.7414045
0.04133333333333333,0.6396,0.74030316
0.041466666666666666,0.6396,0.7401021
0.041466666666666666,0.6404,0.7398758
0.0416,0.6404,0.73965824
0.0416,0.6408,0.73944443
0.04186666666666667,0.6408,0.7392859
0.04186666666666667,0.644,0.7383709
0.042133333333333335,0.644,0.73774725
0.042133333333333335,0.6444,0.7373605
0.04226666666666667,0.6444,0.7371729
0.04226666666666667,0.6448,0.7363292
0.0424,0.6448,0.7362282
0.0424,0.6464,0.7359131
0.04253333333333333,0.6464,0.7355257
0.04253333333333333,0.648,0.7347677
0.042666666666666665,0.648,0.7346317
0.042666666666666665,0.6484,0.73416144
0.0428,0.6484,0.7340068
0.0428,0.6524,0.7322081
0.04293333333333333,0.6524,0.73212785
0.04293333333333333,0.6556,0.73093075
0.04306666666666667,0.6556,0.7308959
0.04306666666666667,0.6572,0.73045176
0.0432,0.6572,0.7303804
0.0432,0.6576,0.7302032
0.043333333333333335,0.6576,0.7301848
0.043333333333333335,0.6592,0.7279541
0.0436,0.6592,0.7274575
0.0436,0.6596,0.7268299
0.04373333333333333,0.6596,0.72670144
0.04373333333333333,0.6628,0.7241622
0.043866666666666665,0.6628,0.7228981
0.043866666666666665,0.6636,0.72279745
0.044,0.6636,0.7226383
0.044,0.6664,0.7212633
0.04426666666666667,0.6664,0.72069293
0.04426666666666667,0.6672,0.71998787
0.0444,0.6672,0.7194316
0.0444,0.6676,0.71924305
0.044533333333333334,0.6676,0.71915233
0.044533333333333334,0.6724,0.71565133
0.04466666666666667,0.6724,0.71524113
0.04466666666666667,0.6736,0.71467024
0.0448,0.6736,0.71439505
0.0448,0.676,0.7132789
0.04493333333333333,0.676,0.7128823
0.04493333333333333,0.6784,0.71142787
0.045066666666666665,0.6784,0.711192
0.045066666666666665,0.6796,0.71067035
0.04533333333333334,0.6796,0.7100372
0.04533333333333334,0.6824,0.7075261
0.04546666666666667,0.6824,0.7071187
0.04546666666666667,0.6828,0.7069388
0.04586666666666667,0.6828,0.70646065
0.04586666666666667,0.6832,0.7060205
0.04613333333333333,0.6832,0.7058872
0.0464,0.6832,0.70497257
0.0464,0.6848,0.7040059
0.046533333333333336,0.6848,0.7035407
0.046533333333333336,0.6852,0.7032261
0.04666666666666667,0.6852,0.70315385
0.04666666666666667,0.6856,0.7029183
0.0468,0.6856,0.7029017
0.0468,0.6872,0.7024968
0.046933333333333334,0.6872,0.70223165
0.046933333333333334,0.6904,0.699945
0.04733333333333333,0.6904,0.69941086
0.04733333333333333,0.6908,0.6993418
0.047466666666666664,0.6908,0.69829965
0.047466666666666664,0.6932,0.6972787
0.0476,0.6932,0.6969286
0.0476,0.6944,0.69632953
0.04786666666666667,0.6944,0.6959373
0.04786666666666667,0.696,0.69435424
0.048133333333333334,0.696,0.6941884
0.048133333333333334,0.7,0.6918986
0.0484,0.7,0.6915374
0.0484,0.7012,0.6905143
0.04853333333333333,0.7012,0.6898282
0.04853333333333333,0.706,0.6850401
0.048666666666666664,0.706,0.6848423
0.048666666666666664,0.7064,0.6845645
0.048933333333333336,0.7064,0.6843602
0.048933333333333336,0.7076,0.6831067
0.04906666666666667,0.7076,0.6826112
0.04906666666666667,0.7084,0.6824857
0.0492,0.7084,0.6822573
0.0492,0.7096,0.68156844
0.049466666666666666,0.7096,0.68156475
0.0496,0.7096,0.6814115
0.0496,0.71,0.6811416
0.04986666666666666,0.71,0.68069273
0.04986666666666666,0.7104,0.68042785
0.050133333333333335,0.7104,0.68026537
0.050133333333333335,0.7116,0.67990845
0.05026666666666667,0.7116,0.6798019
0.05026666666666667,0.7124,0.67951155
0.0504,0.7124,0.67895204
0.0504,0.7172,0.6757282
0.05053333333333333,0.7172,0.67564696
0.05053333333333333,0.718,0.67496264
0.050666666666666665,0.718,0.67475605
0.050666666666666665,0.7196,0.67428917
0.05106666666666667,0.7196,0.67365694
0.05106666666666667,0.72,0.6729536
0.0512,0.72,0.6726231
0.0512,0.7208,0.6721917
0.051333333333333335,0.7208,0.67213243
0.051333333333333335,0.7232,0.67098045
0.0516,0.7232,0.67089146
0.0516,0.724,0.6704571
0.051866666666666665,0.724,0.66932863
0.051866666666666665,0.7248,0.6689408
0.052,0.7248,0.66876876
0.052,0.7256,0.66762275
0.05213333333333333,0.7256,0.6673693
0.0524,0.7256,0.66684544
0.0524,0.7264,0.66668457
0.052533333333333335,0.7264,0.6664819
0.052533333333333335,0.7272,0.66628075
0.0528,0.7272,0.6660568
0.0528,0.7276,0.66602015
0.05293333333333333,0.7276,0.66568875
0.05293333333333333,0.7292,0.6623956
0.053066666666666665,0.7292,0.6622913
0.053066666666666665,0.7296,0.6622481
0.0536,0.7296,0.66085696
0.0536,0.7304,0.66040653
0.053733333333333334,0.7304,0.66015023
0.053733333333333334,0.7316,0.66001767
0.054,0.7316,0.6595623
0.054,0.734,0.6582405
0.05413333333333333,0.734,0.6581433
0.05413333333333333,0.7356,0.65705466
0.054266666666666664,0.7356,0.65703505
0.054266666666666664,0.736,0.6569549
0.054533333333333336,0.736,0.65655434
0.054533333333333336,0.738,0.654975
0.05466666666666667,0.738,0.6549678
0.05466666666666667,0.7392,0.6545555
0.0548,0.7392,0.65435565
0.0548,0.7404,0.65358984
0.05506666666666667,0.7404,0.6524474
0.05506666666666667,0.7408,0.651401
0.05533333333333333,0.7408,0.65082353
0.05533333333333333,0.7412,0.65060437
0.055466666666666664,0.7412,0.6501938
0.055466666666666664,0.7416,0.6500333
0.055733333333333336,0.7416,0.6496725
0.05586666666666667,0.7416,0.6494987
0.05586666666666667,0.744,0.6483602
0.056133333333333334,0.744,0.6452512
0.056133333333333334,0.7456,0.64390564
0.056266666666666666,0.7456,0.64390075
0.056266666666666666,0.7472,0.64183503
0.05653333333333333,0.7472,0.64153534
0.05653333333333333,0.748,0.6413542
0.056666666666666664,0.748,0.6409261
0.056666666666666664,0.7484,0.6407079
0.0568,0.7484,0.6404274
0.0568,0.7488,0.6403496
0.056933333333333336,0.7488,0.64011395
0.056933333333333336,0.7496,0.6399167
0.05706666666666667,0.7496,0.6396958
0.05733333333333333,0.7496,0.63915354
0.05733333333333333,0.75,0.6390035
0.057466666666666666,0.75,0.63798124
0.057466666666666666,0.7504,0.637901
0.0576,0.7504,0.63691366
0.0576,0.7508,0.6359934
0.05773333333333333,0.7508,0.63550574
0.05773333333333333,0.7512,0.63547516
0.057866666666666663,0.7512,0.63544333
0.057866666666666663,0.7516,0.63542396
0.058,0.7516,0.63538057
0.058,0.7524,0.63475746
0.05826666666666667,0.7524,0.6343473
0.05826666666666667,0.7536,0.6338455
0.05853333333333333,0.7536,0.6337251
0.05853333333333333,0.7552,0.633557
0.058666666666666666,0.7552,0.6333569
0.058666666666666666,0.7564,0.63263726
0.0588,0.7564,0.63260555
0.0588,0.7568,0.63258535
0.05893333333333333,0.7568,0.6322962
0.05893333333333333,0.76,0.6288993
0.05906666666666667,0.76,0.62845695
0.05906666666666667,0.7608,0.6281203
0.0592,0.7608,0.62795067
0.0592,0.7612,0.62778044
0.05946666666666667,0.7612,0.627453
0.05946666666666667,0.762,0.62695843
0.0596,0.762,0.62678844
0.0596,0.7632,0.62623674
0.059866666666666665,0.7632,0.6258243
0.059866666666666665,0.7648,0.6239111
0.06,0.7648,0.62374645
0.06,0.7652,0.62238157
0.06013333333333333,0.7652,0.62174267
0.06013333333333333,0.766,0.62043285
0.0604,0.766,0.61991745
0.0604,0.7708,0.6163668
0.06066666666666667,0.7708,0.6156167
0.06066666666666667,0.7712,0.61538047
0.06093333333333333,0.7712,0.6153736
0.06093333333333333,0.7728,0.61475617
0.061066666666666665,0.7728,0.6146564
0.061066666666666665,0.7736,0.6144433
0.06133333333333333,0.7736,0.6143509
0.06133333333333333,0.7752,0.61380863
0.0616,0.7752,0.6130706
0.0616,0.7772,0.61184937
0.061733333333333335,0.7772,0.6116199
0.061733333333333335,0.7776,0.61124706
0.06186666666666667,0.7776,0.61117893
0.06186666666666667,0.78,0.608871
0.062,0.78,0.6086191
0.062,0.7816,0.60638225
0.06213333333333333,0.7816,0.60624504
0.06213333333333333,0.782,0.60597986
0.062266666666666665,0.782,0.6052024
0.06253333333333333,0.782,0.6050187
0.06266666666666666,0.782,0.60473436
0.06266666666666666,0.7828,0.60459703
0.0628,0.7828,0.6043375
0.0628,0.7832,0.60261697
0.06293333333333333,0.7832,0.6025237
0.06293333333333333,0.784,0.60232586
0.06306666666666666,0.784,0.60205334
0.06306666666666666,0.7856,0.60059536
0.0632,0.7856,0.600555
0.0632,0.788,0.5991176
0.06333333333333334,0.788,0.59836584
0.06333333333333334,0.7884,0.5982145
0.06346666666666667,0.7884,0.5981962
0.06346666666666667,0.79,0.5965376
0.06373333333333334,0.79,0.5960801
0.064,0.79,0.5960061
0.064,0.7904,0.5958829
0.06426666666666667,0.7904,0.5954785
0.06426666666666667,0.7912,0.5947497
0.06453333333333333,0.7912,0.593619
0.06453333333333333,0.7924,0.5929251
0.0648,0.7924,0.59210855
0.0648,0.7936,0.59170896
0.06493333333333333,0.7936,0.5914743
0.06493333333333333,0.7944,0.5909356
0.0652,0.7944,0.5906031
0.0652,0.7972,0.5878719
0.06533333333333333,0.7972,0.58759123
0.06533333333333333,0.798,0.5868317
0.06573333333333334,0.798,0.58644897
0.06573333333333334,0.7996,0.5850935
0.06586666666666667,0.7996,0.58495295
0.06586666666666667,0.8,0.58482707
0.066,0.8,0.5848179
0.066,0.8008,0.58395594
0.06613333333333334,0.8008,0.58323836
0.06613333333333334,0.8016,0.5821486
0.06626666666666667,0.8016,0.58208066
0.06626666666666667,0.802,0.58181256
0.0664,0.802,0.58077556
0.0664,0.8024,0.5806355
0.06666666666666667,0.8024,0.57943225
0.06693333333333333,0.8024,0.5786411
0.0672,0.8024,0.578172
0.0672,0.8044,0.57721436
0.06733333333333333,0.8044,0.5771751
0.06733333333333333,0.806,0.576502
0.0676,0.806,0.5756174
0.0676,0.8068,0.57348526
0.0684,0.8068,0.5709459
0.0684,0.808,0.57035214
0.0688,0.808,0.56968033
0.0688,0.8088,0.56910336
0.06906666666666667,0.8088,0.56796724
0.06906666666666667,0.8092,0.5673994
0.06946666666666666,0.8092,0.56659997
0.06946666666666666,0.8096,0.56582713
0.06973333333333333,0.8096,0.56573313
0.06973333333333333,0.8108,0.56444216
0.06986666666666666,0.8108,0.56422347
0.06986666666666666,0.8112,0.5635402
0.07026666666666667,0.8112,0.5623874
0.07026666666666667,0.8128,0.5615276
0.07066666666666667,0.8128,0.56073725
0.07066666666666667,0.8132,0.56057394
0.07093333333333333,0.8132,0.5602467
0.07093333333333333,0.8148,0.5588984
0.0712,0.8148,0.55850065
0.0712,0.8152,0.5582214
0.07146666666666666,0.8152,0.5573011
0.07146666666666666,0.816,0.55699694
0.072,0.816,0.555772
0.072,0.8164,0.55533814
0.07213333333333333,0.8164,0.5549257
0.07213333333333333,0.818,0.5541513
0.07226666666666667,0.818,0.5540995
0.07253333333333334,0.818,0.55300206
0.0728,0.818,0.5527094
0.0728,0.8196,0.55067235
0.07306666666666667,0.8196,0.54978824
0.07306666666666667,0.82,0.5495874
0.0732,0.82,0.5495288
0.0732,0.8212,0.548784
0.07346666666666667,0.8212,0.5482601
0.07346666666666667,0.824,0.5462129
0.07453333333333333,0.824,0.5444875
0.07453333333333333,0.8244,0.54283327
0.07493333333333334,0.8244,0.54063994
0.07493333333333334,0.826,0.5386629
0.07506666666666667,0.826,0.5377182
0.07506666666666667,0.8264,0.53733474
0.07533333333333334,0.8264,0.53693056
0.07533333333333334,0.8272,0.5359655
0.07546666666666667,0.8272,0.5350011
0.07546666666666667,0.8292,0.53345
0.0756,0.8292,0.53288424
0.0756,0.83,0.5316922
0.076,0.83,0.5311625
0.076,0.8304,0.5310312
0.07626666666666666,0.8304,0.5297089
0.07626666666666666,0.8316,0.5283236
0.0764,0.8316,0.52824193
0.0764,0.832,0.5276649
0.07666666666666666,0.832,0.5269102
0.0768,0.832,0.5262744
0.0768,0.8324,0.5261176
0.07706666666666667,0.8324,0.52570856
0.07706666666666667,0.8328,0.5254008
0.07746666666666667,0.8328,0.5242451
0.07746666666666667,0.8332,0.523943
0.0776,0.8332,0.52334225
0.0776,0.8336,0.5227882
0.07786666666666667,0.8336,0.5220579
0.07786666666666667,0.8348,0.5209611
0.078,0.8348,0.52094996
0.078,0.8352,0.52088565
0.07866666666666666,0.8352,0.51875216
0.07866666666666666,0.8356,0.51823986
0.0788,0.8356,0.51791704
0.0788,0.8364,0.51724917
0.07906666666666666,0.8364,0.5153773
0.07906666666666666,0.8372,0.51516944
0.0792,0.8372,0.51473814
0.0792,0.8376,0.51431006
0.07946666666666667,0.8376,0.5131666
0.07946666666666667,0.8384,0.51256746
0.07973333333333334,0.8384,0.5118295
0.07973333333333334,0.8388,0.5111388
0.08,0.8388,0.5100409
0.08,0.8396,0.5099515
0.08013333333333333,0.8396,0.50858426
0.08013333333333333,0.8404,0.50829315
0.08026666666666667,0.8404,0.50819546
0.08026666666666667,0.8412,0.5068341
0.0804,0.8412,0.5065298
0.0804,0.8424,0.5062336
0.08053333333333333,0.8424,0.5057051
0.08053333333333333,0.8428,0.5053436
0.0808,0.8428,0.5043703
0.0808,0.8448,0.5030357
0.08093333333333333,0.8448,0.5028671
0.08093333333333333,0.8468,0.5004924
0.08146666666666667,0.8468,0.4980161
0.08146666666666667,0.8472,0.49715802
0.0816,0.8472,0.49595302
0.08186666666666667,0.8472,0.4959043
0.082,0.8472,0.49492568
0.082,0.8476,0.4934163
0.08213333333333334,0.8476,0.49338323
0.08213333333333334,0.8484,0.4925818
0.0824,0.8484,0.49225488
0.08266666666666667,0.8484,0.49207988
0.08266666666666667,0.8488,0.49095166
0.08293333333333333,0.8488,0.49085563
0.08293333333333333,0.8492,0.49021167
0.08306666666666666,0.8492,0.49013624
0.08306666666666666,0.85,0.48909482
0.08333333333333333,0.85,0.4883124
0.08333333333333333,0.8516,0.48663205
0.08346666666666666,0.8516,0.48611563
0.08346666666666666,0.8528,0.4854823
0.0836,0.8528,0.48480308
0.0836,0.8532,0.48469484
0.084,0.8532,0.4832089
0.084,0.8536,0.48284626
0.08413333333333334,0.8536,0.48276767
0.08413333333333334,0.854,0.4826215
0.08426666666666667,0.854,0.48183867
0.08426666666666667,0.8544,0.48152485
0.08466666666666667,0.8544,0.48124954
0.08466666666666667,0.8548,0.4811669
0.08493333333333333,0.8548,0.4799602
0.08493333333333333,0.8564,0.47684523
0.0852,0.8564,0.4763083
0.08546666666666666,0.8564,0.47484845
0.08546666666666666,0.8572,0.47327185
0.0856,0.8572,0.47146145
0.0856,0.8584,0.4701406
0.08586666666666666,0.8584,0.46909305
0.08586666666666666,0.8588,0.4683284
0.086,0.8588,0.4681779
0.086,0.8592,0.46757323
0.08613333333333334,0.8592,0.467506
0.08613333333333334,0.8596,0.46725124
0.08626666666666667,0.8596,0.4662441
0.08626666666666667,0.862,0.46336368
0.08653333333333334,0.862,0.46297532
0.08653333333333334,0.8624,0.4627695
0.08666666666666667,0.8624,0.4618743
0.08666666666666667,0.8628,0.4613542
0.08706666666666667,0.8628,0.46079612
0.08733333333333333,0.8628,0.46030715
0.08733333333333333,0.8644,0.4590358
0.0876,0.8644,0.45833042
0.0876,0.8652,0.45767152
0.08773333333333333,0.8652,0.45665738
0.08773333333333333,0.8656,0.45645055
0.088,0.8656,0.455643
0.088,0.8664,0.45474306
0.08826666666666666,0.8664,0.45416945
0.08826666666666666,0.8668,0.45405072
0.0884,0.8668,0.45367947
0.0884,0.8672,0.45276877
0.08853333333333334,0.8672,0.45213163
0.08853333333333334,0.8684,0.45055926
0.0888,0.8684,0.4500468
0.0888,0.87,0.44790334
0.08906666666666667,0.87,0.44760507
0.08906666666666667,0.874,0.44464743
0.0892,0.874,0.44461602
0.0892,0.8748,0.44395068
0.08933333333333333,0.8748,0.44363263
0.08933333333333333,0.8752,0.44285083
0.0896,0.8752,0.4419161
0.0896,0.8756,0.44159913
0.08973333333333333,0.8756,0.44094053
0.08973333333333333,0.8764,0.43765584
0.09,0.8764,0.43692896
0.09,0.8768,0.43680242
0.09013333333333333,0.8768,0.4365514
0.09013333333333333,0.878,0.43376774
0.09093333333333334,0.878,0.43147868
0.09093333333333334,0.8796,0.42990053
0.09106666666666667,0.8796,0.42972928
0.09106666666666667,0.8808,0.42859644
0.09133333333333334,0.8808,0.42727378
0.09133333333333334,0.8816,0.42656583
0.09146666666666667,0.8816,0.42637578
0.09146666666666667,0.8824,0.4254545
0.0916,0.8824,0.42535624
0.09186666666666667,0.8824,0.42509368
0.09253333333333333,0.8824,0.4214698
0.09253333333333333,0.8832,0.4209774
0.0932,0.8832,0.41822684
0.0932,0.8852,0.41627094
0.09333333333333334,0.8852,0.4162119
0.09333333333333334,0.886,0.41474012
0.0936,0.886,0.41373223
0.0936,0.8868,0.41281074
0.09373333333333334,0.8868,0.41191784
0.09373333333333334,0.8884,0.4099629
0.094,0.8884,0.4093543
0.094,0.8888,0.40884858
0.09413333333333333,0.8888,0.4082646
0.09413333333333333,0.8904,0.4060151
0.09453333333333333,0.8904,0.4057349
0.0948,0.8904,0.40554947
0.0948,0.8908,0.4054394
0.09546666666666667,0.8908,0.40450436
0.09546666666666667,0.8924,0.40335116
0.0956,0.8924,0.40262267
0.0956,0.8928,0.40258256
0.09573333333333334,0.8928,0.40224898
0.09573333333333334,0.8936,0.40189824
0.0964,0.8936,0.3981662
0.0964,0.894,0.39773008
0.09666666666666666,0.894,0.39728382
0.09666666666666666,0.8944,0.39707416
0.0968,0.8944,0.3969513
0.09706666666666666,0.8944,0.39686617
0.09706666666666666,0.8948,0.39638317
0.0972,0.8948,0.39619437
0.0972,0.8952,0.39557725
0.09746666666666666,0.8952,0.39474836
0.09746666666666666,0.8956,0.3944193
0.09826666666666667,0.8956,0.3897342
0.09826666666666667,0.896,0.38892063
0.0984,0.896,0.38859758
0.0984,0.8972,0.38710305
0.09853333333333333,0.8972,0.38655323
0.09853333333333333,0.8976,0.38604057
0.0988,0.8976,0.38466603
0.0988,0.898,0.38464862
0.0992,0.898,0.38390166
0.0992,0.8984,0.38363606
0.09946666666666666,0.8984,0.38331023
0.09946666666666666,0.8988,0.38322955
0.09973333333333333,0.8988,0.38210514
0.09973333333333333,0.8992,0.38189766
0.09986666666666667,0.8992,0.38129815
0.09986666666666667,0.9,0.3799815
0.10026666666666667,0.9,0.37810728
0.10026666666666667,0.9004,0.37719092
0.10053333333333334,0.9004,0.37579995
0.10053333333333334,0.9008,0.3754249
0.1008,0.9008,0.37515774
0.1008,0.9012,0.37501425
0.10093333333333333,0.9012,0.37489644
0.10093333333333333,0.9016,0.37410653
0.10106666666666667,0.9016,0.37157047
0.10106666666666667,0.902,0.3714167
0.10133333333333333,0.902,0.37010688
0.10133333333333333,0.9024,0.369342
0.1016,0.9024,0.3686674
0.1016,0.9028,0.36821187
0.1024,0.9028,0.3657817
0.1024,0.9032,0.3653716
0.10266666666666667,0.9032,0.36510694
0.10266666666666667,0.9036,0.36499825
0.1028,0.9036,0.36486378
0.1028,0.904,0.3647514
0.10293333333333334,0.904,0.3633464
0.10293333333333334,0.9044,0.36295873
0.10306666666666667,0.9044,0.36286354
0.10306666666666667,0.9052,0.36171702
0.1036,0.9052,0.3612632
0.1036,0.9056,0.36123946
0.104,0.9056,0.35974267
0.104,0.9064,0.35910267
0.10413333333333333,0.9064,0.35865802
0.10413333333333333,0.9076,0.35766518
0.10426666666666666,0.9076,0.35722393
0.10426666666666666,0.9092,0.35403267
0.1044,0.9092,0.35395354
0.1044,0.9096,0.35352874
0.1052,0.9096,0.35115382
0.1052,0.91,0.35113144
0.10533333333333333,0.91,0.35019636
0.10533333333333333,0.9104,0.34994987
0.106,0.9104,0.34743947
0.106,0.9108,0.34743872
0.1068,0.9108,0.34274158
0.1068,0.9116,0.34208006
0.1072,0.9116,0.34132513
0.1072,0.912,0.34117088
0.10746666666666667,0.912,0.34097904
0.10746666666666667,0.9128,0.33968687
0.10773333333333333,0.9128,0.33944917
0.10773333333333333,0.9148,0.3373465
0.108,0.9148,0.33657232
0.108,0.9152,0.3350973
0.10813333333333333,0.9152,0.33503273
0.10813333333333333,0.916,0.33403504
0.1084,0.916,0.33396277
0.1084,0.9164,0.33293813
0.10906666666666667,0.9164,0.32981426
0.10906666666666667,0.9168,0.32903388
0.10946666666666667,0.9168,0.32562208
0.10946666666666667,0.9172,0.32544902
0.1096,0.9172,0.3252744
0.1096,0.918,0.3244456
0.10973333333333334,0.918,0.32412264
0.11,0.918,0.32389912
0.11,0.9192,0.32362723
0.11013333333333333,0.9192,0.323073
0.11013333333333333,0.92,0.3214747
0.1108,0.92,0.32074088
0.1108,0.9204,0.32058024
0.11146666666666667,0.9204,0.3177709
0.11146666666666667,0.9208,0.31757364
0.1124,0.9208,0.31554604
0.1124,0.9212,0.31529027
0.1128,0.9212,0.31345323
0.1128,0.9216,0.31309417
0.1132,0.9216,0.31190184
0.1132,0.922,0.31142175
0.11346666666666666,0.922,0.31082004
0.11346666666666666,0.9228,0.31005362
0.11373333333333334,0.9228,0.30948547
0.11373333333333334,0.9244,0.3078362
0.11413333333333334,0.9244,0.3072863
0.11413333333333334,0.9248,0.3072352
0.1152,0.9248,0.30438998
0.1152,0.9252,0.30387938
0.11533333333333333,0.9252,0.3033339
0.11533333333333333,0.9256,0.30277738
0.1156,0.9256,0.30257717
0.1156,0.9276,0.30049726
0.11573333333333333,0.9276,0.29997215
0.11573333333333333,0.928,0.29928312
0.11586666666666667,0.928,0.2991331
0.11586666666666667,0.9284,0.29891676
0.11626666666666667,0.9284,0.29664946
0.11626666666666667,0.9288,0.29580522
0.11653333333333334,0.9288,0.29470333
0.11653333333333334,0.9292,0.29469243
0.11706666666666667,0.9292,0.29389814
0.11706666666666667,0.9296,0.29363525
0.1172,0.9296,0.29337487
0.1172,0.93,0.2932508
0.11733333333333333,0.93,0.29279312
0.11733333333333333,0.9308,0.29156816
0.1176,0.9308,0.29145217
0.11786666666666666,0.9308,0.28879347
0.11786666666666666,0.932,0.28712222
0.11826666666666667,0.932,0.28544474
0.11826666666666667,0.9328,0.28486004
0.11893333333333334,0.9328,0.28076023
0.11893333333333334,0.9332,0.2801682
0.11906666666666667,0.9332,0.28003827
0.11906666666666667,0.9336,0.27845398
0.1192,0.9336,0.2780484
0.1192,0.934,0.27747777
0.11933333333333333,0.934,0.2774419
0.1196,0.934,0.2771651
0.1196,0.9344,0.2752232
0.12,0.9344,0.27318916
0.12,0.9348,0.2725433
0.12013333333333333,0.9348,0.2719622
0.12013333333333333,0.9352,0.2708167
0.12026666666666666,0.9352,0.26998624
0.12026666666666666,0.9356,0.2698932
0.12173333333333333,0.9356,0.26284137
0.12173333333333333,0.936,0.26275894
0.1224,0.936,0.26027805
0.1224,0.9364,0.25989494
0.12266666666666666,0.9364,0.258601
0.12293333333333334,0.9364,0.25790876
0.12293333333333334,0.9368,0.25637954
0.12333333333333334,0.9368,0.254231
0.1236,0.9368,0.25362143
0.1236,0.9376,0.25205025
0.12386666666666667,0.9376,0.2512332
0.12386666666666667,0.938,0.25115907
0.1244,0.938,0.24900825
0.12453333333333333,0.938,0.24800657
0.1248,0.938,0.24781115
0.1248,0.9384,0.24666587
0.12493333333333333,0.9384,0.24641716
0.12493333333333333,0.9388,0.24632038
0.1252,0.9388,0.24485663
0.1252,0.9392,0.24466552
0.12533333333333332,0.9392,0.2444795
0.12533333333333332,0.9396,0.24446462
0.12613333333333332,0.9396,0.2414273
0.12613333333333332,0.94,0.24104409
0.1268,0.94,0.23896126
0.1268,0.9404,0.23755778
0.12706666666666666,0.9404,0.2366415
0.12706666666666666,0.9416,0.2348879
0.12733333333333333,0.9416,0.23474789
0.12733333333333333,0.9424,0.23358975
0.12813333333333332,0.9424,0.23155189
0.12813333333333332,0.9436,0.22794864
0.12826666666666667,0.9436,0.22738399
0.12826666666666667,0.944,0.22657011
0.12866666666666668,0.944,0.22619471
0.12866666666666668,0.9444,0.22592741
0.12893333333333334,0.9444,0.22536291
0.12893333333333334,0.9448,0.22507465
0.12906666666666666,0.9448,0.22484381
0.12906666666666666,0.9456,0.22363254
0.1296,0.9456,0.2227406
0.12986666666666666,0.9456,0.22268273
0.12986666666666666,0.946,0.2218085
0.13026666666666667,0.946,0.21990396
0.13026666666666667,0.9464,0.21934374
0.1304,0.9464,0.21900092
0.1304,0.9468,0.21727984
0.1308,0.9468,0.21697155
0.1308,0.9472,0.21567011
0.13106666666666666,0.9472,0.21369842
0.13106666666666666,0.9476,0.2128472
0.13133333333333333,0.9476,0.21201473
0.13133333333333333,0.9484,0.21094622
0.13146666666666668,0.9484,0.21091704
0.13146666666666668,0.9492,0.2098168
0.13186666666666666,0.9492,0.20796487
0.13186666666666666,0.95,0.20667854
0.1324,0.95,0.20518644
0.1328,0.95,0.20339385
0.1328,0.9504,0.20336322
0.13306666666666667,0.9504,0.20164198
0.13306666666666667,0.9508,0.20082913
0.1336,0.9508,0.19846644
0.1336,0.9516,0.19820766
0.13413333333333333,0.9516,0.1978152
0.13413333333333333,0.952,0.19727698
0.1344,0.952,0.19606811
0.1344,0.9524,0.19366254
0.13466666666666666,0.9524,0.19276796
0.13466666666666666,0.9528,0.19272828
0.1356,0.9528,0.1888538
0.1356,0.954,0.1868402
0.13586666666666666,0.954,0.18537645
0.13586666666666666,0.9544,0.18273057
0.136,0.9544,0.1821438
0.136,0.9552,0.18129931
0.13613333333333333,0.9552,0.1811583
0.13613333333333333,0.9556,0.18091579
0.1364,0.9556,0.18061082
0.13666666666666666,0.9556,0.17926204
0.1376,0.9556,0.17588888
0.1376,0.9564,0.17492811
0.13906666666666667,0.9564,0.1670244
0.13906666666666667,0.9568,0.16582473
0.13933333333333334,0.9568,0.16490853
0.13933333333333334,0.9576,0.16404334
0.1396,0.9576,0.16352428
0.1396,0.9584,0.16312045
0.13986666666666667,0.9584,0.16245417
0.13986666666666667,0.9588,0.16178147
0.14,0.9588,0.16129616
0.14026666666666668,0.9588,0.16116138
0.14026666666666668,0.9596,0.16079202
0.1408,0.9596,0.16040012
0.1408,0.96,0.16030255
0.1412,0.96,0.15935521
0.1412,0.9604,0.15929222
0.1424,0.9604,0.1538386
0.1424,0.9608,0.15207154
0.14306666666666668,0.9608,0.15054123
0.14306666666666668,0.9612,0.14900695
0.1436,0.9612,0.14705403
0.1436,0.9616,0.14699024
0.144,0.9616,0.14543992
0.144,0.962,0.14482723
0.14506666666666668,0.962,0.14339252
0.14506666666666668,0.9624,0.1416711
0.14573333333333333,0.9624,0.13936055
0.14573333333333333,0.9628,0.13935521
0.14773333333333333,0.9628,0.13206892
0.14773333333333333,0.9636,0.1313779
0.1496,0.9636,0.12544581
0.1496,0.964,0.12530306
0.15013333333333334,0.964,0.12430599
0.15013333333333334,0.9644,0.124301895
0.15106666666666665,0.9644,0.12025677
0.15133333333333332,0.9644,0.11962406
0.15146666666666667,0.9644,0.1187966
0.15146666666666667,0.9648,0.11836833
0.152,0.9648,0.11749377
0.152,0.9652,0.11748269
0.15266666666666667,0.9652,0.11658635
0.15266666666666667,0.9656,0.11528243
0.15293333333333334,0.9656,0.11320344
0.15293333333333334,0.966,0.112279594
0.15373333333333333,0.966,0.110273875
0.15373333333333333,0.9664,0.11021113
0.154,0.9664,0.109046094
0.154,0.9668,0.10888706
0.15506666666666666,0.9668,0.1054778
0.15506666666666666,0.9672,0.10465055
0.15586666666666665,0.9672,0.103368506
0.15613333333333335,0.9672,0.10330955
0.15626666666666666,0.9672,0.10300409
0.15653333333333333,0.9672,0.10294168
0.15693333333333334,0.9672,0.10191708
0.15693333333333334,0.9676,0.10172462
0.16173333333333334,0.9676,0.09168955
0.16173333333333334,0.968,0.09165231
0.1656,0.968,0.08001704
0.1656,0.9684,0.07910817
0.16866666666666666,0.9684,0.07031774
0.16866666666666666,0.9688,0.07025237
0.1688,0.9688,0.07004517
0.16906666666666667,0.9688,0.070044085
0.17,0.9688,0.069458574
0.17026666666666668,0.9688,0.06837973
0.1708,0.9688,0.06741155
0.17106666666666667,0.9688,0.06703322
0.172,0.9688,0.06532178
0.17226666666666668,0.9688,0.065239005
0.17306666666666667,0.9688,0.063990004
0.17306666666666667,0.9692,0.06387797
0.17333333333333334,0.9692,0.06360396
0.17333333333333334,0.9696,0.06355285
0.17346666666666666,0.9696,0.06316207
0.17346666666666666,0.97,0.063012086
0.17373333333333332,0.97,0.06280208
0.174,0.97,0.06266658
0.17493333333333333,0.97,0.061678294
0.17493333333333333,0.9704,0.061621066
0.1816,0.9704,0.053785034
0.18186666666666668,0.9704,0.053666197
0.18346666666666667,0.9704,0.052181486
0.18346666666666667,0.9708,0.052165955
0.18413333333333334,0.9708,0.051126126
0.18413333333333334,0.9712,0.051029667
0.18466666666666667,0.9712,0.05072692
0.18466666666666667,0.9716,0.05071937
0.18586666666666668,0.9716,0.049937166
0.18586666666666668,0.972,0.049651116
0.18746666666666667,0.972,0.048537586
0.18746666666666667,0.9724,0.048394065
0.19213333333333332,0.9724,0.04426945
0.19213333333333332,0.9728,0.044246525
0.19466666666666665,0.9728,0.043139193
0.19466666666666665,0.9732,0.043004714
0.19533333333333333,0.9732,0.04284322
0.1956,0.9732,0.04283758
0.1964,0.9732,0.042215485
0.1964,0.9736,0.042203855
0.198,0.9736,0.040653452
0.19826666666666667,0.9736,0.040318403
0.19853333333333334,0.9736,0.040199876
0.1988,0.9736,0.040162206
0.19933333333333333,0.9736,0.040081102
0.1996,0.9736,0.039988354
0.20026666666666668,0.9736,0.039203603
0.20053333333333334,0.9736,0.039131086
0.20186666666666667,0.9736,0.038355183
0.20213333333333333,0.9736,0.038257226
0.2036,0.9736,0.037657958
0.20386666666666667,0.9736,0.03755698
0.20573333333333332,0.9736,0.036890045
0.206,0.9736,0.03684955
0.20626666666666665,0.9736,0.036802378
0.20626666666666665,0.974,0.03679475
0.20813333333333334,0.974,0.035629407
0.20813333333333334,0.9744,0.03559973
0.20826666666666666,0.9744,0.035547275
0.20826666666666666,0.9748,0.035529304
0.20893333333333333,0.9748,0.035332896
0.20893333333333333,0.9752,0.035288356
0.20933333333333334,0.9752,0.035023954
0.2096,0.9752,0.034907445
0.21026666666666666,0.9752,0.034615055
0.21053333333333332,0.9752,0.034601156
0.21293333333333334,0.9752,0.033627395
0.2132,0.9752,0.033507973
0.214,0.9752,0.033330303
0.21426666666666666,0.9752,0.033253744
0.21533333333333332,0.9752,0.032671317
0.21533333333333332,0.9756,0.03266302
0.21666666666666667,0.9756,0.03218919
0.21693333333333334,0.9756,0.032124896
0.2212,0.9756,0.030857475
0.2212,0.9764,0.030825472
0.22253333333333333,0.9764,0.0302662
0.2228,0.9764,0.03024827
0.2228,0.9768,0.03015029
0.22306666666666666,0.9768,0.03013056
0.224,0.9768,0.029818472
0.22426666666666667,0.9768,0.029817764
0.22453333333333333,0.9768,0.029790923
0.2248,0.9768,0.029702319
0.22506666666666666,0.9768,0.029561818
0.22533333333333333,0.9768,0.02948045
0.2268,0.9768,0.02877244
0.2268,0.9772,0.028751187
0.2272,0.9772,0.028566742
0.22746666666666668,0.9772,0.02845333
0.2296,0.9772,0.028051948
0.22986666666666666,0.9772,0.028037049
0.23053333333333334,0.9772,0.027939172
0.2308,0.9772,0.027920052
0.23266666666666666,0.9772,0.027555851
0.23266666666666666,0.9776,0.027555015
0.23413333333333333,0.9776,0.02730898
0.2344,0.9776,0.027285049
0.24186666666666667,0.9776,0.025404157
0.24213333333333334,0.9776,0.025286326
0.2424,0.9776,0.025240185
0.2424,0.978,0.02522328
0.24426666666666666,0.978,0.0247405
0.24426666666666666,0.9784,0.024707891
0.2444,0.9784,0.024684943
0.24466666666666667,0.9784,0.024648074
0.24573333333333333,0.9784,0.024450747
0.246,0.9784,0.024438972
0.2468,0.9784,0.024338046
0.2468,0.9788,0.024207374
0.24946666666666667,0.9788,0.023787154
0.24973333333333333,0.9788,0.023762655
0.2537333333333333,0.9788,0.02301788
0.254,0.9788,0.023007838
0.26253333333333334,0.9788,0.021713326
0.2628,0.9788,0.02169764
0.2637333333333333,0.9788,0.021569755
0.264,0.9788,0.0215559
0.2650666666666667,0.9788,0.021475261
0.2653333333333333,0.9788,0.021428775
0.2656,0.9788,0.021360314
0.2656,0.9792,0.021347763
0.2676,0.9792,0.02107631
0.26786666666666664,0.9792,0.021064753
0.268,0.9792,0.021014454
0.268,0.9796,0.020939268
0.2690666666666667,0.9796,0.020803077
0.2693333333333333,0.9796,0.02079756
0.27826666666666666,0.9796,0.019698106
0.27853333333333335,0.9796,0.019683322
0.2786666666666667,0.9796,0.019640718
0.2789333333333333,0.9796,0.019622816
0.27946666666666664,0.9796,0.019567778
0.27973333333333333,0.9796,0.019551506
0.2809333333333333,0.9796,0.019391058
0.2809333333333333,0.98,0.01937106
0.282,0.98,0.019242037
0.28226666666666667,0.98,0.01922065
0.2824,0.98,0.019216254
0.2826666666666667,0.98,0.019215459
0.28746666666666665,0.98,0.018783469
0.28773333333333334,0.98,0.018738402
0.2890666666666667,0.98,0.018589722
0.28933333333333333,0.98,0.018587964
0.2948,0.98,0.018071549
0.29506666666666664,0.98,0.018069826
0.29573333333333335,0.98,0.01804202
0.29573333333333335,0.9804,0.018037733
0.3025333333333333,0.9804,0.017301384
0.3025333333333333,0.9808,0.017298952
0.30693333333333334,0.9808,0.01691144
0.30693333333333334,0.9812,0.016911076
0.30733333333333335,0.9812,0.016882094
0.3076,0.9812,0.01686806
0.30866666666666664,0.9812,0.016778307
0.30893333333333334,0.9812,0.016757827
0.3098666666666667,0.9812,0.016651807
0.3098666666666667,0.9816,0.016618758
0.3118666666666667,0.9816,0.016509362
0.3121333333333333,0.9816,0.016494935
0.31506666666666666,0.9816,0.016212208
0.31533333333333335,0.9816,0.016207797
0.32,0.9816,0.015859041
0.32026666666666664,0.9816,0.015853886
0.3221333333333333,0.9816,0.015704675
0.3224,0.9816,0.015697164
0.32253333333333334,0.9816,0.01569156
0.3228,0.9816,0.015691007
0.32493333333333335,0.9816,0.015548509
0.3252,0.9816,0.015536032
0.3273333333333333,0.9816,0.015353811
0.3273333333333333,0.982,0.015353695
0.3296,0.982,0.015232469
0.32986666666666664,0.982,0.015229508
0.33026666666666665,0.982,0.015186481
0.33053333333333335,0.982,0.0151861245
0.33226666666666665,0.982,0.01511516
0.33253333333333335,0.982,0.01510326
0.33386666666666664,0.982,0.015009467
0.33386666666666664,0.9824,0.0150084235
0.3356,0.9824,0.014852844
0.33586666666666665,0.9824,0.014842501
0.33653333333333335,0.9824,0.014790409
0.3368,0.9824,0.0147768175
0.3372,0.9824,0.014771765
0.3374666666666667,0.9824,0.01473584
0.3392,0.9824,0.014640524
0.3392,0.9828,0.014639938
0.3436,0.9828,0.014311279
0.34386666666666665,0.9828,0.014310311
0.3452,0.9828,0.01422738
0.34546666666666664,0.9828,0.01420412
0.3472,0.9828,0.014087972
0.34746666666666665,0.9828,0.014087927
0.3489333333333333,0.9828,0.014003304
0.3492,0.9828,0.0139964055
0.35133333333333333,0.9828,0.013888768
0.35133333333333333,0.9832,0.013888417
0.3516,0.9832,0.013869921
0.35186666666666666,0.9832,0.013864399
0.3556,0.9832,0.01364499
0.35586666666666666,0.9832,0.013642789
0.36333333333333334,0.9832,0.01324036
0.3636,0.9832,0.013237227
0.3672,0.9832,0.013006496
0.3672,0.9836,0.012994186
0.3724,0.9836,0.012772878
0.37266666666666665,0.9836,0.012770509
0.37493333333333334,0.9836,0.012645836
0.37493333333333334,0.984,0.012630009
0.3757333333333333,0.984,0.01260485
0.376,0.984,0.012603913
0.3824,0.984,0.012287394
0.38266666666666665,0.984,0.012282394
0.38333333333333336,0.984,0.012251583
0.3836,0.984,0.012249921
0.38493333333333335,0.984,0.012195592
0.3852,0.984,0.012195374
0.38666666666666666,0.984,0.012141112
0.38693333333333335,0.984,0.012139768
0.3877333333333333,0.984,0.012091303
0.388,0.984,0.012083223
0.4026666666666667,0.984,0.011543233
0.4026666666666667,0.9844,0.011524688
0.40413333333333334,0.9844,0.011438379
0.4044,0.9844,0.011431975
0.40946666666666665,0.9844,0.0112644695
0.40973333333333334,0.9844,0.011252139
0.41,0.9844,0.011230436
0.41,0.9848,0.011224528
0.41133333333333333,0.9848,0.011190581
0.4116,0.9848,0.0111832395
0.41226666666666667,0.9848,0.01115872
0.41226666666666667,0.9852,0.0111569585
0.41333333333333333,0.9852,0.011120775
0.4136,0.9852,0.011112661
0.41546666666666665,0.9852,0.011047804
0.41546666666666665,0.9856,0.011046267
0.4222666666666667,0.9856,0.01076917
0.4225333333333333,0.9856,0.010769165
0.42746666666666666,0.9856,0.01062436
0.42773333333333335,0.9856,0.0106193945
0.4316,0.9856,0.010500926
0.4318666666666667,0.9856,0.010493036
0.4348,0.9856,0.010401038
0.43506666666666666,0.9856,0.010400872
0.4361333333333333,0.9856,0.010374725
0.4361333333333333,0.986,0.010366341
0.4397333333333333,0.986,0.01019547
0.44,0.986,0.010188654
0.4404,0.986,0.010182222
0.4404,0.9864,0.010181069
0.4434666666666667,0.9864,0.010098787
0.4437333333333333,0.9864,0.010097577
0.4508,0.9864,0.009908485
0.45106666666666667,0.9864,0.009902252
0.45213333333333333,0.9864,0.0098619405
0.4524,0.9864,0.00986182
0.45293333333333335,0.9864,0.009857775
0.4532,0.9864,0.009853122
0.4554666666666667,0.9864,0.009787527
0.4557333333333333,0.9864,0.009786777
0.4568,0.9864,0.009769053
0.4570666666666667,0.9864,0.009762672
0.4593333333333333,0.9864,0.009708784
0.4596,0.9864,0.009708774
0.4597333333333333,0.9864,0.009701615
0.46,0.9864,0.00969678
0.46173333333333333,0.9864,0.00965664
0.462,0.9864,0.009655095
0.46213333333333334,0.9864,0.009654693
0.4624,0.9864,0.009646895
0.46453333333333335,0.9864,0.0095912125
0.4648,0.9864,0.009582547
0.4656,0.9864,0.009567624
0.4656,0.9868,0.009567416
0.4668,0.9868,0.009524897
0.4670666666666667,0.9868,0.009522832
0.46813333333333335,0.9868,0.00949771
0.46813333333333335,0.9872,0.0094976965
0.4690666666666667,0.9872,0.009480388
0.4693333333333333,0.9872,0.009477692
0.4776,0.9872,0.00923968
0.47786666666666666,0.9872,0.009238288
0.4792,0.9872,0.009190523
0.47946666666666665,0.9872,0.009184203
0.4832,0.9872,0.00909135
0.48346666666666666,0.9872,0.009084947
0.4861333333333333,0.9872,0.008987526
0.4864,0.9872,0.008987259
0.4968,0.9872,0.008707865
0.4968,0.9876,0.008700528
0.5068,0.9876,0.008435474
0.5072,0.9876,0.008432172
0.5084,0.9876,0.008408174
0.5086666666666667,0.9876,0.008406961
0.512,0.9876,0.008347178
0.5125333333333333,0.9876,0.00834316
0.5132,0.9876,0.008325875
0.5134666666666666,0.9876,0.0083192
0.5188,0.9876,0.00823164
0.5190666666666667,0.9876,0.0082279695
0.5246666666666666,0.9876,0.008119112
0.5249333333333334,0.9876,0.008110411
0.5254666666666666,0.9876,0.008096839
0.5257333333333334,0.9876,0.008093838
0.526,0.9876,0.008089471
0.5262666666666667,0.9876,0.008085519
0.5264,0.9876,0.008083374
0.5266666666666666,0.9876,0.008080943
0.5305333333333333,0.9876,0.008001654
0.5310666666666667,0.9876,0.00799972
0.5378666666666667,0.9876,0.007875466
0.5381333333333334,0.9876,0.007872456
0.5434666666666667,0.9876,0.0077507826
0.5437333333333333,0.9876,0.0077480255
0.5438666666666667,0.9876,0.0077472846
0.5441333333333334,0.9876,0.00772858
0.5445333333333333,0.9876,0.007721876
0.5448,0.9876,0.0077186655
0.5493333333333333,0.9876,0.0076336367
0.5496,0.9876,0.007630755
0.5505333333333333,0.9876,0.007609733
0.5508,0.9876,0.007609419
0.5548,0.9876,0.0075353533
0.5550666666666667,0.9876,0.0075324476
0.5612,0.9876,0.0074210283
0.5614666666666667,0.9876,0.007420083
0.5628,0.9876,0.007384973
0.5633333333333334,0.9876,0.007374973
0.5681333333333334,0.9876,0.00730134
0.5684,0.9876,0.007301312
0.5733333333333334,0.9876,0.00718782
0.5736,0.9876,0.00718581
0.574,0.9876,0.007170735
0.5742666666666667,0.9876,0.0071668047
0.5801333333333333,0.9876,0.0070611606
0.5804,0.9876,0.007060294
0.5961333333333333,0.9876,0.0068145636
0.5961333333333333,0.988,0.0068124337
0.5965333333333334,0.988,0.006809008
0.5968,0.988,0.006808986
0.5981333333333333,0.988,0.006773276
0.5984,0.988,0.0067729293
0.6,0.988,0.0067495336
0.6002666666666666,0.988,0.0067493166
0.6024,0.988,0.0067150686
0.6026666666666667,0.988,0.006712362
0.6033333333333334,0.988,0.00670708
0.6036,0.988,0.0067036506
0.6096,0.988,0.0066050533
0.6096,0.9884,0.006599893
0.6101333333333333,0.9884,0.0065945056
0.6101333333333333,0.9888,0.0065921727
0.6102666666666666,0.9888,0.006591348
0.6105333333333334,0.9888,0.0065886197
0.6154666666666667,0.9888,0.0065165353
0.6157333333333334,0.9888,0.0065156496
0.6193333333333333,0.9888,0.006463551
0.6196,0.9888,0.0064629815
0.6224,0.9888,0.006419584
0.6226666666666667,0.9888,0.0064186323
0.6233333333333333,0.9888,0.0064144433
0.6236,0.9888,0.006409607
0.628,0.9888,0.006335931
0.6282666666666666,0.9888,0.0063312403
0.6326666666666667,0.9888,0.006249975
0.6326666666666667,0.9892,0.0062499368
0.6396,0.9892,0.0061216527
0.6398666666666667,0.9892,0.0061208056
0.6418666666666667,0.9892,0.0060954588
0.6418666666666667,0.9896,0.0060942457
0.6444,0.9896,0.006050452
0.6444,0.99,0.006049188
0.6448,0.99,0.0060469317
0.6450666666666667,0.99,0.006046717
0.6466666666666666,0.99,0.006027514
0.6466666666666666,0.9904,0.006026135
0.6469333333333334,0.9904,0.00602375
0.6472,0.9904,0.0060222684
0.6477333333333334,0.9904,0.0060139685
0.6481333333333333,0.9904,0.006012455
0.6484,0.9904,0.006009176
0.6486666666666666,0.9904,0.0060089165
0.6516,0.9904,0.0059661875
0.6518666666666667,0.9904,0.005965939
0.652,0.9904,0.0059639397
0.6522666666666667,0.9904,0.0059639257
0.6538666666666667,0.9904,0.0059433137
0.6541333333333333,0.9904,0.0059408075
0.6546666666666666,0.9904,0.0059311506
0.6552,0.9904,0.005926137
0.6556,0.9904,0.00591124
0.6558666666666667,0.9904,0.0059110126
0.6570666666666667,0.9904,0.005887026
0.6573333333333333,0.9904,0.005881292
0.6656,0.9904,0.005746431
0.6656,0.9908,0.005745415
0.6658666666666667,0.9908,0.0057388623
0.6661333333333334,0.9908,0.005736333
0.6664,0.9908,0.005733752
0.6664,0.9912,0.0057299286
0.6709333333333334,0.9912,0.005652359
0.6714666666666667,0.9912,0.0056516835
0.6758666666666666,0.9912,0.005589959
0.6758666666666666,0.9916,0.0055887
0.6773333333333333,0.9916,0.0055729495
0.6776,0.9916,0.0055684247
0.6814666666666667,0.9916,0.005511351
0.6817333333333333,0.9916,0.0055087074
0.6881333333333334,0.9916,0.005425011
0.6884,0.9916,0.005424867
0.6892,0.9916,0.0054141283
0.6894666666666667,0.9916,0.0054106326
0.6942666666666667,0.9916,0.0053307815
0.6945333333333333,0.9916,0.005324222
0.6950666666666667,0.9916,0.005316641
0.6953333333333334,0.9916,0.0053162454
0.6969333333333333,0.9916,0.0052824537
0.6969333333333333,0.992,0.005279295
0.6970666666666666,0.992,0.005278854
0.6973333333333334,0.992,0.005278401
0.7010666666666666,0.992,0.00524081
0.7013333333333334,0.992,0.0052402136
0.7029333333333333,0.992,0.0052275225
0.7029333333333333,0.9924,0.005224845
0.7030666666666666,0.9924,0.00522429
0.7033333333333334,0.9924,0.005222023
0.7052,0.9924,0.005196448
0.7052,0.9928,0.0051953853
0.708,0.9928,0.005153909
0.7085333333333333,0.9928,0.0051378338
0.7114666666666667,0.9928,0.005101519
0.7117333333333333,0.9928,0.005100438
0.7186666666666667,0.9928,0.0049945507
0.7189333333333333,0.9928,0.0049928688
0.7193333333333334,0.9928,0.0049897903
0.7196,0.9928,0.0049863374
0.7241333333333333,0.9928,0.0049127103
0.7244,0.9928,0.0049102753
0.7245333333333334,0.9928,0.004909467
0.7248,0.9928,0.004909322
0.7269333333333333,0.9928,0.004886676
0.7272,0.9928,0.0048834984
0.7358666666666667,0.9928,0.004779058
0.7362666666666666,0.9928,0.004778806
0.7372,0.9928,0.004760506
0.7374666666666667,0.9928,0.0047578295
0.7377333333333334,0.9928,0.0047510066
0.738,0.9928,0.0047467942
0.7394666666666667,0.9928,0.0047338028
0.7394666666666667,0.9932,0.004733214
0.7408,0.9932,0.0047163074
0.7410666666666667,0.9932,0.0047159535
0.7414666666666667,0.9932,0.0047084684
0.742,0.9932,0.0047046756
0.7425333333333334,0.9932,0.0047001387
0.7428,0.9932,0.004698439
0.7436,0.9932,0.004686589
0.7438666666666667,0.9932,0.0046865824
0.7441333333333333,0.9932,0.004680032
0.7441333333333333,0.9936,0.004676051
0.7456,0.9936,0.0046613645
0.7458666666666667,0.9936,0.0046587945
0.7473333333333333,0.9936,0.004638677
0.7476,0.9936,0.004635063
0.7481333333333333,0.9936,0.0046258257
0.7484,0.9936,0.004624827
0.7488,0.9936,0.004619788
0.7488,0.994,0.0046197306
0.7524,0.994,0.0045602527
0.7526666666666667,0.994,0.004559047
0.7557333333333334,0.994,0.0045138104
0.756,0.994,0.004513502
0.7581333333333333,0.994,0.0044918163
0.7581333333333333,0.9944,0.004489544
0.7584,0.9944,0.004489237
0.7585333333333333,0.9944,0.0044880672
0.7588,0.9944,0.0044873897
0.7594666666666666,0.9944,0.0044769873
0.7597333333333334,0.9944,0.004476025
0.7664,0.9944,0.0043777367
0.7666666666666667,0.9944,0.004376116
0.7670666666666667,0.9944,0.0043741637
0.7673333333333333,0.9944,0.0043726647
0.7713333333333333,0.9944,0.004321946
0.7716,0.9944,0.004321743
0.7717333333333334,0.9944,0.004321523
0.772,0.9944,0.0043194266
0.7814666666666666,0.9944,0.0041930056
0.7817333333333333,0.9944,0.00418888
0.7918666666666667,0.9944,0.004061266
0.7921333333333334,0.9944,0.0040604887
0.7930666666666667,0.9944,0.00402917
0.7930666666666667,0.9948,0.004025033
0.7936,0.9948,0.004019505
0.7938666666666667,0.9948,0.0040156716
0.7993333333333333,0.9948,0.003937146
0.7993333333333333,0.9952,0.003935308
0.7994666666666667,0.9952,0.003934873
0.7994666666666667,0.9956,0.0039336486
0.8008,0.9956,0.003919333
0.8010666666666667,0.9956,0.003919028
0.8029333333333334,0.9956,0.003893093
0.8032,0.9956,0.0038913963
0.808,0.9956,0.0038276894
0.8082666666666667,0.9956,0.0038256955
0.8098666666666666,0.9956,0.0038049605
0.8101333333333334,0.9956,0.0038026785
0.8110666666666667,0.9956,0.0037928394
0.8113333333333334,0.9956,0.0037921295
0.8130666666666667,0.9956,0.0037685025
0.8133333333333334,0.9956,0.0037677845
0.8162666666666667,0.9956,0.0037281658
0.8165333333333333,0.9956,0.0037238167
0.8237333333333333,0.9956,0.0036067974
0.824,0.9956,0.0036057627
0.8264,0.9956,0.0035909894
0.8266666666666667,0.9956,0.0035905715
0.8273333333333334,0.9956,0.003583
0.8276,0.9956,0.0035810187
0.8316,0.9956,0.003522836
0.8318666666666666,0.9956,0.0035221563
0.8337333333333333,0.9956,0.0035074593
0.834,0.9956,0.0035051268
0.8364,0.9956,0.0034854324
0.8364,0.996,0.0034850717
0.8366666666666667,0.996,0.0034816207
0.8369333333333333,0.996,0.003479409
0.8374666666666667,0.996,0.003472276
0.8377333333333333,0.996,0.00347091
0.8378666666666666,0.996,0.0034681302
0.8384,0.996,0.0034664941
0.8396,0.996,0.0034528326
0.8398666666666667,0.996,0.0034477697
0.84,0.996,0.0034453638
0.8402666666666667,0.996,0.0034451266
0.846,0.996,0.003364981
0.8462666666666666,0.996,0.0033604298
0.8486666666666667,0.996,0.0033310538
0.8489333333333333,0.996,0.0033307136
0.8498666666666667,0.996,0.0033219494
0.8501333333333333,0.996,0.0033204372
0.862,0.996,0.0031827847
0.8622666666666666,0.996,0.0031819693
0.8637333333333334,0.996,0.003164067
0.8637333333333334,0.9964,0.003163082
0.866,0.9964,0.0031406318
0.8662666666666666,0.9964,0.0031349582
0.8684,0.9964,0.0031112956
0.8684,0.9968,0.0031095184
0.8768,0.9968,0.0029921643
0.8770666666666667,0.9968,0.0029905036
0.8794666666666666,0.9968,0.0029558446
0.8798666666666667,0.9968,0.0029546812
0.8798666666666667,0.9972,0.0029536644
0.8833333333333333,0.9972,0.0028963925
0.8837333333333334,0.9972,0.0028955566
0.8857333333333334,0.9972,0.002871849
0.886,0.9972,0.0028714056
0.8976,0.9972,0.0027071391
0.8978666666666667,0.9972,0.0027071147
0.8989333333333334,0.9972,0.0026936773
0.8992,0.9972,0.002692435
0.8996,0.9972,0.002688291
0.8998666666666667,0.9972,0.0026861017
0.9004,0.9972,0.002682539
0.9006666666666666,0.9972,0.0026820174
0.9032,0.9972,0.0026551865
0.9032,0.9976,0.0026531718
0.9042666666666667,0.9976,0.0026393926
0.9042666666666667,0.998,0.0026388715
0.9070666666666667,0.998,0.00260844
0.9073333333333333,0.998,0.0026071798
0.9108,0.998,0.0025625168
0.9110666666666667,0.998,0.002558867
0.9121333333333334,0.998,0.0025469104
0.9124,0.998,0.0025467896
0.9149333333333334,0.998,0.0025060233
0.9152,0.998,0.0025043231
0.9170666666666667,0.998,0.0024839218
0.9173333333333333,0.998,0.0024818683
0.9252,0.998,0.002378574
0.9254666666666667,0.998,0.0023735838
0.928,0.998,0.0023297202
0.9282666666666667,0.998,0.002326631
0.9284,0.998,0.0023251749
0.9286666666666666,0.998,0.0023241108
0.9290666666666667,0.998,0.0023229525
0.9293333333333333,0.998,0.0023214875
0.9298666666666666,0.998,0.0023174665
0.9301333333333334,0.998,0.0023170698
0.9305333333333333,0.998,0.0023114604
0.9308,0.998,0.0023095114
0.9325333333333333,0.998,0.0022954152
0.9328,0.998,0.0022905925
0.9392,0.998,0.0021764382
0.9394666666666667,0.998,0.0021745886
0.9425333333333333,0.998,0.0021183668
0.9425333333333333,0.9984,0.0021181009
0.946,0.9984,0.0020643224
0.9462666666666667,0.9984,0.0020631568
0.9525333333333333,0.9984,0.0019859322
0.9530666666666666,0.9984,0.0019841704
0.9546666666666667,0.9984,0.0019575488
0.9549333333333333,0.9984,0.001956584
0.9628,0.9984,0.001827709
0.9628,0.9988,0.0018254581
0.9676,0.9988,0.0017238305
0.9678666666666667,0.9988,0.0017191824
0.968,0.9988,0.0017161946
0.9682666666666667,0.9988,0.0017092826
0.9726666666666667,0.9988,0.0016405501
0.9729333333333333,0.9988,0.0016348618
0.9792,0.9988,0.0014923988
0.9794666666666667,0.9988,0.0014860414
0.9826666666666667,0.9988,0.0014326035
0.9829333333333333,0.9988,0.0014255274
0.9844,0.9988,0.0013576923
0.9846666666666667,0.9988,0.0013569503
0.9873333333333333,0.9988,0.001281549
0.9873333333333333,0.9992,0.001281466
0.9913333333333333,0.9992,0.0011018519
0.9913333333333333,0.9996,0.0010938362
0.9924,0.9996,0.0010335895
0.9926666666666667,0.9996,0.001032528
0.9956,0.9996,0.00083570235
0.9958666666666667,0.9996,0.0008218697
0.9969333333333333,0.9996,0.00074192154
0.9969333333333333,1.0,0.00072378723
0.9973333333333333,1.0,0.0006988148
0.9976,1.0,0.0006955353
0.9978666666666667,1.0,0.00067206164
0.9981333333333333,1.0,0.0006493119
1.0,1.0,0.00018165298
